{
  "Disabled": false,
  "Testing": false,
  "ScheduledForDeletion": false,
  "InstalledFromUrl": "https://love.puni.sh/ment.json",
  "WorkingPluginId": "60091035-f333-4179-9b3c-94ef0779d8ca",
  "IsThirdParty": true,
  "EffectiveVersion": "3.1.4.6",
  "Author": "кайт машина (Puni.sh)",
  "Name": "AutoRetainer",
  "Punchline": "Collect and assign ventures to your retainers from the comfort of your bed.",
  "Description": "Collect and assign ventures to your retainers from the comfort of your bed.",
  "Changelog": null,
  "Tags": null,
  "CategoryTags": null,
  "IsHide": false,
  "InternalName": "AutoRetainer",
  "AssemblyVersion": "3.1.4.6",
  "TestingAssemblyVersion": "3.1.5.5",
  "IsTestingExclusive": false,
  "RepoUrl": "https://github.com/PunishXIV/AutoRetainer",
  "ApplicableVersion": "any",
  "DalamudApiLevel": 8,
  "DownloadCount": 73300,
  "LastUpdate": 1691612920,
  "DownloadLinkInstall": "https://love.puni.sh/plugins/AutoRetainer/latest.zip",
  "DownloadLinkUpdate": "https://love.puni.sh/plugins/AutoRetainer/latest.zip",
  "DownloadLinkTesting": "https://love.puni.sh/plugins/AutoRetainer/Testing/latest.zip",
  "LoadRequiredState": 0,
  "LoadSync": false,
  "LoadPriority": 0,
  "CanUnloadAsync": false,
  "SupportsProfiles": true,
  "ImageUrls": null,
  "IconUrl": "https://love.puni.sh/resources/auto-retainer.png",
  "AcceptsFeedback": true,
  "FeedbackMessage": null,
  "_Dip17Channel": null
}