{
  "Disabled": false,
  "Testing": false,
  "ScheduledForDeletion": false,
  "InstalledFromUrl": "",
  "WorkingPluginId": "573fdca4-955c-4b40-9ccc-aebe75a0a4a9",
  "IsThirdParty": false,
  "EffectiveVersion": "1.1.2.1",
  "Author": "",
  "Name": "LiFu",
  "Punchline": "LiFu",
  "Description": "LiFu",
  "Changelog": "Updated for API4",
  "Tags": null,
  "CategoryTags": null,
  "IsHide": false,
  "InternalName": "LiFu",
  "AssemblyVersion": "1.1.2.1",
  "TestingAssemblyVersion": null,
  "IsTestingExclusive": false,
  "RepoUrl": "",
  "ApplicableVersion": "any",
  "DalamudApiLevel": 8,
  "DownloadCount": 0,
  "LastUpdate": 0,
  "DownloadLinkInstall": null,
  "DownloadLinkUpdate": null,
  "DownloadLinkTesting": null,
  "LoadRequiredState": 0,
  "LoadSync": false,
  "LoadPriority": 0,
  "CanUnloadAsync": false,
  "SupportsProfiles": true,
  "ImageUrls": [
    ""
  ],
  "IconUrl": "",
  "AcceptsFeedback": false,
  "FeedbackMessage": null,
  "_Dip17Channel": null
}